{"intercept": 0.18340334090272914, "coef": 0.18467731001322255, "rho": -0.054646943423754854}