{"intercept": 0.18849810768967412, "coef": 0.18453071977599922, "rho": -0.05579742606487465}