{"intercept": 0.1834578517981757, "coef": 0.18474677866153127, "rho": -0.05567981835975284}