{"intercept": 0.1835215098514909, "coef": 0.1850225482974614, "rho": -0.05862290406093854}