{"intercept": 0.18356144960401108, "coef": 0.18490016703324486, "rho": -0.053867289238714575}