{"intercept": 0.18438357419862764, "coef": 0.18494088794642738, "rho": -0.058506901838026926}