{"intercept": 0.18371831016864157, "coef": 0.18483772147514438, "rho": -0.05561397117087256}