{"intercept": 0.1884981076896741, "coef": 0.18453071977599922, "rho": -0.05579742606482252}