{"intercept": 0.1873129912825435, "coef": 0.18470362952236347, "rho": -0.056806244902596136}