{"Scotland": 1824.3017662733491, "England": 2114.2970062389522, "Wales": 1749.681842721939, "Northern Ireland": 1663.9665683125068, "United States": 1920.2937881427144, "Canada": 1881.2355635106019, "Uruguay": 1915.7054871605526, "Argentina": 2216.257970431227, "Austria": 1887.7843237785287, "Hungary": 1773.4871802220255, "Czechoslovakia": 1794.291660793179, "Belgium": 1982.8539202661677, "France": 2192.398152439823, "Switzerland": 2014.018189584609, "Guernsey": 1744.723937870132, "Alderney": 1079.4789732332556, "Jersey": 1803.386303186615, "Netherlands": 2047.5175306820797, "Guyana": 1482.6349287975838, "Trinidad and Tobago": 1531.3398754801622, "South Africa": 1697.183461331565, "Germany": 1993.4815942511311, "Sweden": 1799.6777214571418, "Norway": 2002.5599825036297, "Denmark": 1924.7245999800339, "Italy": 1927.9752965342107, "Chile": 1795.6242988174865, "Russia": 1843.3301855695502, "Finland": 1596.0312366515511, "Luxembourg": 1468.5397688374035, "Catalonia": 1672.6876218072105, "Philippines": 1346.5112687115577, "China": 1559.074578465803, "Brazil": 2109.025781556731, "Basque Country": 1808.0901955384002, "Japan": 1974.4204763009704, "Paraguay": 1902.9795106083902, "Romania": 1699.8041791187181, "Greece": 1803.5936688345935, "Yugoslavia": 1861.2110038824753, "Spain": 2217.399978944526, "Egypt": 1855.385473285898, "Estonia": 1431.942481122824, "Suriname": 1588.537625425556, "Provence": 1464.8218383013013, "Costa Rica": 1741.585307180464, "El Salvador": 1488.5746491271243, "Guatemala": 1645.0840250573253, "Poland": 1775.0700125605188, "Portugal": 2073.4609026041912, "Brittany": 1507.6370222249452, "New Zealand": 1676.7847979344024, "Australia": 1908.9329971482161, "Latvia": 1341.8461987879093, "Galicia": 1533.5885434722634, "Central Spain": 1494.7149754763902, "Mexico": 2053.47615481463, "Andalusia": 1602.0596925107568, "Asturias": 1519.1741326306253, "Lithuania": 1341.9613487769288, "Turkey": 1919.8954993019952, "Aruba": 1200.7038364545813, "Cura\u00e7ao": 1596.1386628998857, "Bulgaria": 1539.345010740964, "Republic of Ireland": 1763.8067346844234, "Haiti": 1654.2175378786292, "Jamaica": 1654.9692672577528, "Kenya": 1467.8284688068188, "Uganda": 1510.9655929230248, "Bolivia": 1712.9703410870047, "Peru": 1764.9560743861607, "Honduras": 1706.3491835862885, "Belarus": 1578.5560871315658, "Ukraine": 1824.4815559328213, "Barbados": 1119.00048801262, "Nicaragua": 1502.0866215325464, "Cuba": 1403.933308800741, "Martinique": 1470.5808101053642, "Dominica": 1154.51578574426, "Silesia": 1514.161348897289, "Guadeloupe": 1517.8000544986708, "Israel": 1688.757786975171, "Indonesia": 1516.683600853719, "French Guiana": 1412.4005838787693, "Saint Lucia": 1213.8891751933666, "Colombia": 2079.7714357137743, "Panama": 1766.5251889620836, "Venezuela": 1817.7561682744079, "Ecuador": 1953.4262728341314, "Saint Kitts and Nevis": 1264.4104746381586, "Grenada": 1286.8614235482191, "India": 1246.178442672868, "Slovakia": 1728.4711966061473, "Manchukuo": 1432.1828727788613, "Croatia": 1942.9496695791233, "Lebanon": 1435.654545381204, "Puerto Rico": 1357.358062851299, "Afghanistan": 1161.257959882849, "Iran": 1883.5507624841607, "Mongolia": 983.2110263465605, "Tanzania": 1416.9881673491348, "Zimbabwe": 1466.8395325521576, "Zambia": 1546.5724419440876, "Iceland": 1624.7956055681238, "Albania": 1678.3097078203832, "Montenegro": 1521.9557826258342, "Madagascar": 1504.3357248104455, "Mauritius": 1212.6225663750397, "R\u00e9union": 1579.7902884842028, "Zanzibar": 1533.3084642072947, "Djibouti": 1069.644061053956, "Ethiopia": 1386.9226851448307, "DR Congo": 1804.955684490023, "South Korea": 1839.8406248160961, "Vietnam": 1477.854040646657, "Macau": 837.4361470311654, "Dominican Republic": 1480.2066450677573, "Cyprus": 1382.139959833499, "Sierra Leone": 1458.3923681458712, "Nigeria": 1876.5550563555846, "Syria": 1588.2475596452318, "Serbia": 1800.9905018121945, "Taiwan": 1063.2815221077649, "Ghana": 1683.4689254665325, "Myanmar": 1141.6621093766175, "New Caledonia": 1593.225376758858, "Vanuatu": 1439.286835958682, "Fiji": 1414.2649758327827, "Pakistan": 1116.8795378054972, "Sri Lanka": 1021.4301657907218, "German DR": 1721.4035354774146, "Tahiti": 1507.2266105807848, "Gambia": 1530.0818858600956, "Hong Kong": 1321.933364964095, "Singapore": 1307.072540372338, "Malaysia": 1497.0940809352246, "Guinea-Bissau": 1359.820737515246, "Saarland": 1451.8946527204746, "Burundi": 1380.1223233246715, "Cameroon": 1723.0214084715321, "Kernow": 1601.199683883919, "Cambodia": 1089.6598347720553, "Thailand": 1540.4970210249949, "Vietnam Republic": 1355.0589251783151, "Kyrgyzstan": 1461.355833180738, "Moldova": 1334.9677141588913, "North Vietnam": 1485.7356530507097, "Togo": 1496.3910116496477, "North Korea": 1484.6664255766218, "Sudan": 1464.2997041769324, "Malta": 1364.8900603477127, "Tunisia": 1656.7421261319687, "Libya": 1528.31357561539, "Malawi": 1435.460157299214, "Morocco": 2029.969214090743, "Benin": 1527.602096904962, "Cape Verde": 1695.8106525908279, "Ivory Coast": 1842.481071918272, "Burkina Faso": 1642.3602543045326, "Gabon": 1521.718478857235, "Congo": 1327.67832044756, "Mali": 1701.0756473942324, "Central African Republic": 1349.5788602542505, "Iraq": 1672.9729645793993, "Saint Vincent and the Grenadines": 1349.2999916642764, "Senegal": 1873.1787792460354, "Laos": 949.6148280319121, "Mauritania": 1445.5208769955686, "Liberia": 1435.033137180042, "Chad": 1244.0749262056763, "Niger": 1489.611090791618, "Guinea": 1567.093574986302, "Algeria": 1852.8623258390066, "Kuwait": 1483.3742983036148, "Jordan": 1717.1876727196716, "Papua New Guinea": 1453.9011423507186, "Solomon Islands": 1368.1632926292189, "Somalia": 1051.3534031677686, "Saudi Arabia": 1708.2350247677955, "Bermuda": 1339.9381515430277, "Palestine": 1578.3830149376154, "Yemen": 1299.3734317308233, "Bahrain": 1544.4128408507881, "Oman": 1577.9150764945803, "Wallis Islands and Futuna": 1293.9549857018396, "Corsica": 1562.440776790958, "Western Australia": 1394.244140858275, "Eswatini": 1305.440425120064, "Botswana": 1388.7358057762558, "Qatar": 1552.1408463528048, "Lesotho": 1407.7142682641506, "Bahamas": 940.0777504680342, "Brunei": 897.6227230286144, "Cook Islands": 1140.9579182198772, "Yemen DPR": 1351.7084292904979, "United Arab Emirates": 1671.714746696964, "Faroe Islands": 1447.9053524020094, "Nepal": 1101.011314109232, "Antigua and Barbuda": 1107.1668684271542, "Bangladesh": 1140.1673342236406, "Seychelles": 1005.5997995823024, "Equatorial Guinea": 1438.3206591378757, "Mozambique": 1490.239814825567, "Guam": 975.1096671971487, "Angola": 1586.7001486065399, "S\u00e3o Tom\u00e9 and Pr\u00edncipe": 1170.5795490486082, "Rwanda": 1457.481773067371, "Northern Cyprus": 1693.66540232372, "Armenia": 1435.5952015201233, "Georgia": 1714.6747107388385, "Azerbaijan": 1400.3071810728325, "Kazakhstan": 1508.5981203355286, "Comoros": 1481.158983361531, "Maldives": 1002.4885188005258, "Tonga": 1075.769307160564, "Kiribati": 1229.9371232129763, "Tuvalu": 1213.658107817735, "Samoa": 1248.953372927192, "Greenland": 1461.4426880673534, "Liechtenstein": 985.3672790173606, "Bhutan": 856.4325711608523, "South Yemen": 1468.632855523945, "Niue": 1426.941219464346, "American Samoa": 926.8119121538167, "Belize": 1285.0100997204142, "Cayman Islands": 1034.1336758168727, "Anguilla": 889.7708871046972, "British Virgin Islands": 1015.6322222404306, "Palau": 1422.8219891984977, "Sint Maarten": 1285.5976337385002, "Namibia": 1408.7045479062845, "Ynys M\u00f4n": 1642.3728345233317, "Shetland": 1501.5826687719803, "\u00c5land Islands": 1474.1434903906147, "Saint Martin": 1293.557106333875, "San Marino": 924.8474805544506, "Montserrat": 1222.4908053909887, "Slovenia": 1737.2723163279427, "Isle of Wight": 1663.1079373689024, "Turkmenistan": 1388.3579798171547, "Tajikistan": 1436.5330332554734, "Uzbekistan": 1731.8979033858036, "Eritrea": 1195.2768784774828, "Isle of Man": 1705.6827680494666, "Gibraltar": 1148.314568733263,