{"Scotland": 1824.4463729492059, "England": 2143.0036368548094, "Wales": 1749.846273867104, "Northern Ireland": 1664.161089853217, "United States": 1867.5131755507489, "Canada": 1850.015388863559, "Uruguay": 1915.7673006193368, "Argentina": 2270.1534748150098, "Austria": 1887.926979944047, "Hungary": 1773.6640876314068, "Czechoslovakia": 1794.3008726141866, "Belgium": 2021.4240917894444, "France": 2187.4228535387406, "Switzerland": 1999.1489465054308, "Guernsey": 1744.799525289138, "Alderney": 1079.4918580908225, "Jersey": 1803.408256105773, "Netherlands": 2047.6580925810435, "Guyana": 1482.6561940472727, "Trinidad and Tobago": 1531.3804367400212, "South Africa": 1697.2699464878062, "Germany": 1993.6106362460005, "Sweden": 1799.8493700816693, "Norway": 2020.2761465063174, "Denmark": 1924.8967990765323, "Italy": 1928.137494838329, "Chile": 1795.68221633242, "Russia": 1843.4536803889985, "Finland": 1596.2199232761877, "Luxembourg": 1468.7270426009497, "Catalonia": 1672.6919181711305, "Philippines": 1346.5704981914203, "China": 1559.1364437976897, "Brazil": 2070.1919933580025, "Basque Country": 1808.097985793193, "Japan": 1974.5076111509288, "Paraguay": 1893.5171628108128, "Romania": 1700.022203867556, "Greece": 1803.8083959003595, "Yugoslavia": 1861.2219269737952, "Spain": 2292.5577103181436, "Egypt": 1853.320255423011, "Estonia": 1432.12852111035, "Suriname": 1588.5666765130613, "Provence": 1463.8834699193387, "Costa Rica": 1741.631390166623, "El Salvador": 1488.6053249465406, "Guatemala": 1645.127250040661, "Poland": 1775.2315682531823, "Portugal": 2055.3530148598607, "Brittany": 1507.642365198615, "New Zealand": 1676.8564733833714, "Australia": 1904.4239644740076, "Latvia": 1342.0450161508602, "Galicia": 1533.442729072672, "Central Spain": 1494.7149754763902, "Mexico": 2023.1952927719044, "Andalusia": 1602.050521633986, "Asturias": 1519.1741326306253, "Lithuania": 1342.1797535796, "Turkey": 1920.04554015582, "Aruba": 1200.727733499248, "Cura\u00e7ao": 1596.1875699522325, "Bulgaria": 1539.5294252159047, "Republic of Ireland": 1763.9884257230387, "Haiti": 1654.2732440677653, "Jamaica": 1655.0105960560018, "Kenya": 1467.937436151644, "Uganda": 1511.0568063474568, "Bolivia": 1713.029076178298, "Peru": 1765.007802620952, "Honduras": 1706.3871236479665, "Belarus": 1578.7400916357471, "Ukraine": 1824.6551279055, "Barbados": 1119.0155862341671, "Nicaragua": 1502.1156228795337, "Cuba": 1403.9566753840436, "Martinique": 1470.6069611840758, "Dominica": 1154.5300434486949, "Silesia": 1514.3984341636503, "Guadeloupe": 1517.8225074552297, "Israel": 1688.950461522261, "Indonesia": 1516.7516005645791, "French Guiana": 1412.4203761427898, "Saint Lucia": 1213.9169369974907, "Colombia": 2079.334559985532, "Panama": 1766.5855698857451, "Venezuela": 1817.8097664316174, "Ecuador": 1953.4918351854321, "Saint Kitts and Nevis": 1264.4323355815768, "Grenada": 1286.8954884037473, "India": 1246.2440492764658, "Slovakia": 1728.6656394490526, "Manchukuo": 1432.1828727788613, "Croatia": 1943.0854643654066, "Lebanon": 1435.7194946791265, "Puerto Rico": 1357.3764697140223, "Afghanistan": 1162.3630499123476, "Iran": 1883.633511405709, "Mongolia": 983.2606132848045, "Tanzania": 1417.1009964837574, "Zimbabwe": 1466.9246262832207, "Zambia": 1546.6606785936021, "Iceland": 1624.9885187459515, "Albania": 1678.4943498236998, "Montenegro": 1522.1586507242105, "Madagascar": 1504.4215513325582, "Mauritius": 1212.6913867336286, "R\u00e9union": 1579.8248568824804, "Zanzibar": 1534.0071760997555, "Djibouti": 1069.7023513860852, "Ethiopia": 1387.0108921453188, "DR Congo": 1805.0452414781025, "South Korea": 1839.9174211931684, "Vietnam": 1477.914159498046, "Macau": 837.480284996011, "Dominican Republic": 1480.2281512799505, "Cyprus": 1382.3960051510016, "Sierra Leone": 1458.4752641016785, "Nigeria": 1876.6422823033827, "Syria": 1588.322744244665, "Serbia": 1801.1474313391357, "Taiwan": 1063.3346574198615, "Ghana": 1677.9917861417237, "Myanmar": 1141.7215293202032, "New Caledonia": 1593.2406131464427, "Vanuatu": 1439.3040182980212, "Fiji": 1414.2848368812315, "Pakistan": 1116.3880290451116, "Sri Lanka": 1021.4877193398902, "German DR": 1721.4143695510368, "Tahiti": 1507.2382044648625, "Gambia": 1530.1725577459474, "Hong Kong": 1321.9866679340234, "Singapore": 1307.130719350066, "Malaysia": 1497.155097073718, "Guinea-Bissau": 1359.9059781308786, "Saarland": 1451.96629478132, "Burundi": 1380.217518316008, "Cameroon": 1723.1061644364067, "Kernow": 1600.7954282917449, "Cambodia": 1089.710375277257, "Thailand": 1540.5581377166875, "Vietnam Republic": 1355.0488465631595, "Kyrgyzstan": 1461.4277940588897, "Moldova": 1335.1756369851498, "North Vietnam": 1485.737201367307, "Togo": 1496.4754856774498, "North Korea": 1484.7305360972773, "Sudan": 1464.3872277989765, "Malta": 1365.1391509939663, "Tunisia": 1656.8495444111827, "Libya": 1528.400000853054, "Malawi": 1435.5475984803415, "Morocco": 2033.657151208702, "Benin": 1527.6898242849497, "Cape Verde": 1693.0417289312934, "Congo": 1327.7608867162842, "Mali": 1701.162460363288, "Central African Republic": 1349.6596729223882, "Ivory Coast": 1842.5749215395495, "Burkina Faso": 1642.4826870576208, "Gabon": 1521.8019817350387, "Iraq": 1673.0565333457967, "Saint Vincent and the Grenadines": 1349.3182178714624, "Senegal": 1873.2787335355583, "Laos": 949.6679225523626, "Chad": 1244.150723514263, "Niger": 1489.6989315188948, "Mauritania": 1445.6074325799257, "Liberia": 1435.1128775634372, "Guinea": 1567.1841508108234, "Algeria": 1852.960839620321, "Kuwait": 1483.4484167001426, "Jordan": 1717.2771589247336, "Papua New Guinea": 1453.9156970448548, "Solomon Islands": 1368.1957460875271, "Somalia": 1051.4810902681181, "Saudi Arabia": 1708.3120952566267, "Bermuda": 1339.96698973456, "Palestine": 1578.4508341657154, "Bahrain": 1544.4858207154896, "Yemen": 1299.4319526154677, "Oman": 1577.9867834742786, "Wallis Islands and Futuna": 1293.9490799749437, "Corsica": 1562.444811877217, "Western Australia": 1394.161282989249, "Eswatini": 1305.522010269276, "Botswana": 1388.823404579495, "Qatar": 1552.2296404141748, "Lesotho": 1407.7967201501408, "Bahamas": 940.0914567146306, "Brunei": 897.6672526126263, "Cook Islands": 1140.9592312546697, "Yemen DPR": 1351.6802508175267, "United Arab Emirates": 1671.7854492090237, "Faroe Islands": 1448.140947444833, "Nepal": 1101.0718243340175, "Antigua and Barbuda": 1107.1836039060245, "Bangladesh": 1140.2325378836406, "Seychelles": 1005.6773804110444, "Equatorial Guinea": 1438.4132939668164, "Mozambique": 1490.3247166041492, "Guam": 975.1479384301108, "Angola": 1586.7840816598718, "S\u00e3o Tom\u00e9 and Pr\u00edncipe": 1170.6464929358567, "Rwanda": 1457.5735266816764, "Northern Cyprus": 1756.1344921575821, "Armenia": 1435.7894675043378, "Georgia": 1714.8648359660472, "Azerbaijan": 1400.501006710005, "Kazakhstan": 1508.7618886325129, "Comoros": 1481.247889934846, "Maldives": 1002.056520777581, "Tonga": 1075.769704293951, "Kiribati": 1229.9385673326422, "Tuvalu": 1213.6446386835287, "Samoa": 1248.95799794798, "Greenland": 1489.6173993765453, "Liechtenstein": 985.5139801864299, "Bhutan": 856.4905606425688, "South Yemen": 1468.6234732708608, "Niue": 1426.940255781652, "American Samoa": 926.8152923391967, "Belize": 1285.0277015175752, "Cayman Islands": 1044.1528483982565, "Anguilla": 889.7813608654365, "British Virgin Islands": 1015.6499957036945, "Palau": 1422.8064248511591, "Sint Maarten": 1285.61339599022, "Namibia": 1408.7932416211693, "Shetland": 1501.5843317107226, "Ynys M\u00f4n": 1642.5090031754546, "\u00c5land Islands": 1474.0001975167804, "Saint Martin": 1293.5716529100825, "San Marino": 924.960918043106, "Montserrat": 1222.506491940979, "Slovenia": 1737.4785274167975, "Isle of Wight": 1663.1833525518712, "Turkmenistan": 1388.4344740321271, "Tajikistan": 1436.6107194531314, "Uzbekistan": 1731.9787013570947, "Eritrea": 1195.384824846177, "Gibraltar": 1138.490470718522, "Isle of Man": 1705.8182374222622,