{"Scotland": 1824.30369818561, "England": 2114.299078580362, "Wales": 1749.6847466329318, "Northern Ireland": 1663.9698825380742, "United States": 1920.2939441912115, "Canada": 1849.9312959883464, "Uruguay": 1915.7050927459968, "Argentina": 2219.114451263979, "Austria": 1887.7864029944863, "Hungary": 1773.4902298942318, "Czechoslovakia": 1794.291660793179, "Belgium": 1982.8556482068839, "France": 2201.9373099001873, "Switzerland": 2014.0201684906217, "Guernsey": 1744.723983888257, "Alderney": 1079.4789734969322, "Jersey": 1803.3863170997083, "Netherlands": 2047.5194641641183, "Guyana": 1482.634083915475, "Trinidad and Tobago": 1531.3391971770513, "South Africa": 1697.18366276002, "Germany": 1993.4833977020403, "Sweden": 1799.6800491826737, "Norway": 2002.5622001724414, "Denmark": 1924.7274444947689, "Italy": 1927.9781964693339, "Chile": 1795.623832709075, "Russia": 1843.3315571501967, "Finland": 1596.0342711526416, "Luxembourg": 1468.543291921318, "Catalonia": 1672.6851726455488, "Philippines": 1346.5083530506556, "China": 1559.072855661452, "Brazil": 2109.025749517461, "Basque Country": 1808.0887391938504, "Japan": 1974.4203147341284, "Paraguay": 1893.4421488194662, "Romania": 1699.8074421029746, "Greece": 1803.5966503815102, "Yugoslavia": 1861.2110038824753, "Spain": 2217.402131888523, "Egypt": 1859.9728934078325, "Estonia": 1431.9457431493513, "Suriname": 1588.5368555702294, "Provence": 1464.821796349907, "Costa Rica": 1741.5847463559796, "El Salvador": 1488.5738814507497, "Guatemala": 1645.0835336522282, "Poland": 1775.0727167933917, "Portugal": 2073.4625545449726, "Brittany": 1507.6370854333074, "New Zealand": 1676.7849200069695, "Australia": 1904.3452416677678, "Latvia": 1341.8500793391079, "Galicia": 1533.587993588065, "Central Spain": 1494.7149754763902, "Mexico": 2053.4761228779503, "Andalusia": 1602.0432159183156, "Asturias": 1519.1741326306253, "Lithuania": 1341.9650815793825, "Turkey": 1919.8974557424522, "Aruba": 1200.703243191449, "Cura\u00e7ao": 1596.1382265326395, "Bulgaria": 1539.347826604034, "Republic of Ireland": 1763.8096643354138, "Haiti": 1654.2172265926056, "Jamaica": 1654.968653431183, "Kenya": 1467.8286204341525, "Uganda": 1510.9656532688034, "Bolivia": 1712.9697110511968, "Peru": 1764.9554386848117, "Honduras": 1706.3485316445424, "Belarus": 1578.5588397807808, "Ukraine": 1824.4844114859443, "Barbados": 1118.9997060669093, "Nicaragua": 1502.08587483499, "Cuba": 1403.9325037113426, "Martinique": 1470.579975414709, "Dominica": 1154.5150449743235, "Silesia": 1514.1613938804528, "Guadeloupe": 1517.799272591868, "Israel": 1688.7613283716382, "Indonesia": 1516.6818607614412, "French Guiana": 1412.3996968801948, "Saint Lucia": 1213.8886293324776, "Colombia": 2085.3321763081535, "Panama": 1766.5250736719374, "Venezuela": 1817.7554340243414, "Ecuador": 1953.4260432001595, "Saint Kitts and Nevis": 1264.4097910943467, "Grenada": 1286.8608759923154, "India": 1246.1760578382643, "Slovakia": 1728.4744914114208, "Manchukuo": 1432.1828727788613, "Croatia": 1942.95161717068, "Lebanon": 1435.6523479522486, "Puerto Rico": 1357.3572160514063, "Afghanistan": 1161.2548100492634, "Iran": 1883.5502573806873, "Mongolia": 983.2076394360613, "Tanzania": 1416.9882468632547, "Zimbabwe": 1466.8395738152885, "Zambia": 1546.5726706507069, "Iceland": 1624.798477202447, "Albania": 1678.3127688895565, "Montenegro": 1521.9591909873427, "Madagascar": 1504.3357365590318, "Mauritius": 1212.622213376229, "R\u00e9union": 1579.7901499846305, "Zanzibar": 1533.3085755163238, "Djibouti": 1069.6439180667558, "Ethiopia": 1386.92281247274, "DR Congo": 1804.955862114679, "South Korea": 1839.8399682580475, "Vietnam": 1477.8514415648, "Macau": 837.4323474884437, "Dominican Republic": 1480.205833428144, "Cyprus": 1382.1436529057066, "Sierra Leone": 1458.3926596148403, "Nigeria": 1876.5551947966549, "Syria": 1588.2459503085936, "Serbia": 1800.99302591688, "Taiwan": 1063.2782983958266, "Ghana": 1677.9081644042183, "Myanmar": 1141.6590064044287, "New Caledonia": 1593.224898819168, "Vanuatu": 1439.2863003929358, "Fiji": 1414.2641345305824, "Pakistan": 1116.876228633982, "Sri Lanka": 1021.426688166727, "German DR": 1721.4035354774146, "Tahiti": 1507.2261238477834, "Gambia": 1530.0819291244272, "Hong Kong": 1321.9306877019699, "Singapore": 1307.0697557394267, "Malaysia": 1497.09166468294, "Guinea-Bissau": 1359.8208997283937, "Saarland": 1451.8946527204746, "Burundi": 1380.1223456993175, "Cameroon": 1723.0214273607694, "Kernow": 1601.19968352485, "Cambodia": 1089.6563881625195, "Thailand": 1540.4947649136925, "Vietnam Republic": 1355.0589251783151, "Kyrgyzstan": 1461.3537245353277, "Moldova": 1334.971606315572, "North Vietnam": 1485.7356530507097, "Togo": 1496.3911657835313, "North Korea": 1484.6641205501032, "Sudan": 1464.299502636841, "Malta": 1364.8939394592558, "Tunisia": 1656.742652892902, "Libya": 1528.3134181338528, "Malawi": 1435.460276432752, "Morocco": 2061.2741636415117, "Benin": 1527.6022489229267, "Cape Verde": 1692.9541496438383, "Ivory Coast": 1842.4814030807138, "Burkina Faso": 1642.3604751238977, "Gabon": 1521.7185490224188, "Congo": 1327.6784662488724, "Mali": 1701.0757289217856, "Central African Republic": 1349.578972657073, "Iraq": 1672.9722776151114, "Saint Vincent and the Grenadines": 1349.2992019986536, "Senegal": 1873.1792462110175, "Laos": 949.6110957002999, "Mauritania": 1445.5208327857385, "Liberia": 1435.0332962049854, "Chad": 1244.0750553955202, "Niger": 1489.6112188571237, "Guinea": 1567.0937869482962, "Algeria": 1852.8626640554935, "Kuwait": 1483.372701577249, "Jordan": 1717.1872126813012, "Papua New Guinea": 1453.900505140617, "Solomon Islands": 1368.1629857445873, "Somalia": 1051.3534485631994, "Saudi Arabia": 1708.2344096720126, "Bermuda": 1339.9374069154173, "Palestine": 1578.3811903705944, "Yemen": 1299.3706076331744, "Bahrain": 1544.4114869365283, "Oman": 1577.9135490986382, "Wallis Islands and Futuna": 1293.9549857018396, "Corsica": 1562.4409243208443, "Western Australia": 1394.244140858275, "Eswatini": 1305.4405161408565, "Botswana": 1388.73594045877, "Qatar": 1552.140296647635, "Lesotho": 1407.7144000583926, "Bahamas": 940.0770445612897, "Brunei": 897.6189392322816, "Cook Islands": 1140.957756143706, "Yemen DPR": 1351.7084292904979, "United Arab Emirates": 1671.7131963754582, "Faroe Islands": 1447.9092987441343, "Nepal": 1101.008147032198, "Antigua and Barbuda": 1107.1660264066734, "Bangladesh": 1140.1644135537413, "Seychelles": 1005.599387246648, "Equatorial Guinea": 1438.3206949184862, "Mozambique": 1490.2398943712121, "Guam": 975.1067056117387, "Angola": 1586.700226593037, "S\u00e3o Tom\u00e9 and Pr\u00edncipe": 1170.579638474209, "Rwanda": 1457.4820776054412, "Northern Cyprus": 1693.6653280209323, "Armenia": 1435.5987117395234, "Georgia": 1714.6777388852065, "Azerbaijan": 1400.3101416816173, "Kazakhstan": 1508.6010398560336, "Comoros": 1481.1590664430403, "Maldives": 1002.4853344568725, "Tonga": 1075.7691321358352, "Kiribati": 1229.9370716904973, "Tuvalu": 1213.6577342025348, "Samoa": 1248.9530834795082, "Greenland": 1461.442500468357, "Liechtenstein": 985.3710869395981, "Bhutan": 856.42873598901, "South Yemen": 1468.632855523945, "Niue": 1426.941219464346, "American Samoa": 926.8112786414533, "Belize": 1285.0092886223879, "Cayman Islands": 1034.1333993943667, "Anguilla": 889.7702886449979, "British Virgin Islands": 1015.6318378943994, "Palau": 1422.8219891984977, "Sint Maarten": 1285.5969974203192, "Namibia": 1408.7048433417635, "Ynys M\u00f4n": 1642.3728781206871, "Shetland": 1501.5826695747287, "\u00c5land Islands": 1474.1435426034457, "Saint Martin": 1293.5564687698682, "San Marino": 924.8513473819079, "Montserrat": 1222.4900443158554, "Slovenia": 1737.2755213771636, "Isle of Wight": 1663.1079407254495, "Turkmenistan": 1388.3552224211714, "Tajikistan": 1436.5308235505, "Uzbekistan": 1731.8972350301538, "Eritrea": 1195.2770454098722, "Isle of Man": 1705.6827755193058, "Gibraltar": 1148.3179330721775,