{"intercept": 0.18351095067986464, "coef": 0.1850490566482036, "rho": -0.0579543441441248}