{"intercept": 0.1844504640874767, "coef": 0.1849021463990324, "rho": -0.05850186026728025}