{"intercept": 0.18373314901856122, "coef": 0.18510721039194047, "rho": -0.05825928746911558}