{"intercept": 0.18320997764019467, "coef": 0.18460262257200208, "rho": -0.053616147099175546}