{"intercept": 0.18363052640362226, "coef": 0.18490654449198332, "rho": -0.05694212653614341}