{"intercept": 0.18430928140589967, "coef": 0.18494901365528096, "rho": -0.058510345668024155}