{"intercept": 0.18425647649694277, "coef": 0.1849617825360499, "rho": -0.0582835080487132}