{"Scotland": 1824.301709757647, "England": 2144.657837220358, "Wales": 1749.68184241323, "Northern Ireland": 1663.9665683019914, "United States": 1867.4248455622353, "Canada": 1849.9310841661852, "Uruguay": 1915.7054484963362, "Argentina": 2225.8530113691872, "Austria": 1887.784319304631, "Hungary": 1773.4871801805039, "Czechoslovakia": 1794.291660793179, "Belgium": 2021.301930283415, "France": 2229.6510463115765, "Switzerland": 2020.0909121408758, "Guernsey": 1744.723937870132, "Alderney": 1079.4789732332556, "Jersey": 1803.386303186615, "Netherlands": 2047.517524539598, "Guyana": 1482.6339859952002, "Trinidad and Tobago": 1531.3334743013613, "South Africa": 1697.183430165021, "Germany": 1993.4815384391343, "Sweden": 1799.6777178248003, "Norway": 2041.4756333193109, "Denmark": 1924.7245969434762, "Italy": 1927.975296525596, "Chile": 1795.6242962991325, "Russia": 1843.330058215768, "Finland": 1596.0312366322885, "Luxembourg": 1468.5397688374242, "Catalonia": 1672.6876218072105, "Philippines": 1346.5112713320282, "China": 1559.0745303053232, "Brazil": 2070.110090386894, "Basque Country": 1808.0901955384002, "Japan": 1974.4204549455135, "Paraguay": 1893.4421611733378, "Romania": 1699.8041814260248, "Greece": 1803.5936682637034, "Yugoslavia": 1861.2110038824753, "Spain": 2250.057289767981, "Egypt": 1853.234402003214, "Estonia": 1431.942437212777, "Suriname": 1588.5378296000908, "Provence": 1464.8218383013013, "Costa Rica": 1741.5849993147838, "El Salvador": 1488.5758773807247, "Guatemala": 1645.084123873048, "Poland": 1775.070010776761, "Portugal": 2055.224157357903, "Brittany": 1507.6370222249452, "New Zealand": 1676.7847715460573, "Australia": 1904.3455170835196, "Latvia": 1341.8461985414158, "Galicia": 1533.5885434722634, "Central Spain": 1494.7149754763902, "Mexico": 2023.11525108205, "Andalusia": 1602.0596925107568, "Asturias": 1519.1741326306253, "Lithuania": 1341.9613470764973, "Turkey": 1919.8954546636917, "Aruba": 1200.7038259762403, "Cura\u00e7ao": 1596.138008730993, "Bulgaria": 1539.3446979004748, "Republic of Ireland": 1763.8065924198559, "Haiti": 1654.2171314183172, "Jamaica": 1654.9682949074675, "Kenya": 1467.8277781780466, "Uganda": 1510.965592920127, "Bolivia": 1712.970152584109, "Peru": 1764.9560596451556, "Honduras": 1706.3491535234286, "Belarus": 1578.5560870445227, "Ukraine": 1824.4815558586092, "Barbados": 1119.0020053378864, "Nicaragua": 1502.0865045691032, "Cuba": 1403.9407180999767, "Martinique": 1470.5817431422201, "Dominica": 1154.5143625450241, "Silesia": 1514.161348897289, "Guadeloupe": 1517.8000546258436, "Israel": 1688.7577869766858, "Indonesia": 1516.6768094800482, "French Guiana": 1412.4005838787693, "Saint Lucia": 1213.894978997903, "Colombia": 2079.2597122173297, "Panama": 1766.525296616387, "Venezuela": 1817.7558539955883, "Ecuador": 1953.4262274045416, "Saint Kitts and Nevis": 1264.2248907320895, "Grenada": 1286.8510444176422, "India": 1246.1784229846062, "Slovakia": 1728.4711965750946, "Manchukuo": 1432.1828727788613, "Croatia": 1942.949673841416, "Lebanon": 1435.654545381204, "Puerto Rico": 1357.3643348684257, "Afghanistan": 1162.3006839970349, "Iran": 1883.550743598501, "Mongolia": 983.2110263465605, "Tanzania": 1416.988167207748, "Zimbabwe": 1466.8395318373061, "Zambia": 1546.5724401740322, "Iceland": 1624.7955896521064, "Albania": 1678.3097078163287, "Montenegro": 1521.9557743234247, "Madagascar": 1504.3357246942733, "Mauritius": 1212.6225663750397, "R\u00e9union": 1579.7902884842028, "Zanzibar": 1533.3084642072947, "Djibouti": 1069.644061053956, "Ethiopia": 1386.9226851448238, "DR Congo": 1804.9556263374993, "South Korea": 1839.8404716008695, "Vietnam": 1477.854040646657, "Macau": 837.4361470293802, "Dominican Republic": 1480.2114653866354, "Cyprus": 1382.1399599084039, "Sierra Leone": 1458.392381551126, "Nigeria": 1876.5549959553077, "Syria": 1588.2475593506263, "Serbia": 1800.990491283858, "Taiwan": 1063.2815221077649, "Ghana": 1677.907919334397, "Myanmar": 1141.6621182381568, "New Caledonia": 1593.225309354535, "Vanuatu": 1439.286835958682, "Fiji": 1414.2649758327827, "Pakistan": 1116.3293446194568, "Sri Lanka": 1021.4301657907218, "German DR": 1721.4035354774146, "Tahiti": 1507.2266105807848, "Gambia": 1530.0818855232849, "Hong Kong": 1321.933364964095, "Singapore": 1307.0725392424968, "Malaysia": 1497.0940809352246, "Guinea-Bissau": 1359.8207374268616, "Saarland": 1451.8946527204746, "Burundi": 1380.1223232736959, "Cameroon": 1723.0214035946667, "Kernow": 1601.199683883919, "Cambodia": 1089.6598347720553, "Thailand": 1540.4970196847694, "Vietnam Republic": 1355.0589251783151, "Kyrgyzstan": 1461.3558322123108, "Moldova": 1334.967706696745, "North Vietnam": 1485.7356530507097, "Togo": 1496.3910116489699, "North Korea": 1484.6664255766218, "Sudan": 1464.2997018951824, "Malta": 1364.8900735903921, "Tunisia": 1656.7421133725413, "Libya": 1528.3135756153674, "Malawi": 1435.460157299098, "Morocco": 2033.558062250196, "Benin": 1527.6020968930764, "Cape Verde": 1692.9540275728245, "Ivory Coast": 1842.481002192735, "Burkina Faso": 1642.3602518120933, "Gabon": 1521.7181770352395, "Congo": 1327.67832044756, "Mali": 1701.0756456310614, "Central African Republic": 1349.57886025716, "Iraq": 1672.9729258787147, "Saint Vincent and the Grenadines": 1349.3836323520534, "Senegal": 1873.1787577992748, "Laos": 949.6148280319121, "Mauritania": 1445.5208770119852, "Liberia": 1435.0331381457622, "Chad": 1244.0749262056763, "Niger": 1489.611090791731, "Guinea": 1567.0935749855346, "Algeria": 1852.8623131223737, "Kuwait": 1483.3742981324635, "Jordan": 1717.187650323938, "Papua New Guinea": 1453.9011423507186, "Solomon Islands": 1368.1532071512893, "Somalia": 1051.3534031624515, "Saudi Arabia": 1708.2348359635212, "Bermuda": 1339.937180151255, "Palestine": 1578.3829984846957, "Yemen": 1299.3734317308233, "Bahrain": 1544.412838951965, "Oman": 1577.9146930641525, "Wallis Islands and Futuna": 1293.9549857018396, "Corsica": 1562.440776790958, "Western Australia": 1394.244140858275, "Eswatini": 1305.440425120064, "Botswana": 1388.7358057735228, "Qatar": 1552.1408738228656, "Lesotho": 1407.7142484902035, "Bahamas": 940.0910120786014, "Brunei": 897.6227230286144, "Cook Islands": 1140.9579182198772, "Yemen DPR": 1351.7084292904979, "United Arab Emirates": 1671.7147424882096, "Faroe Islands": 1447.9053501542392, "Nepal": 1101.011314109232, "Antigua and Barbuda": 1107.1668684271542, "Bangladesh": 1140.1673342237382, "Seychelles": 1005.5997995823024, "Equatorial Guinea": 1438.320657890868, "Mozambique": 1490.239622460915, "Guam": 975.1097830767504, "Angola": 1586.7001486883285, "S\u00e3o Tom\u00e9 and Pr\u00edncipe": 1170.5795490486082, "Rwanda": 1457.4810465192331, "Northern Cyprus": 1693.66540232372, "Armenia": 1435.595201313645, "Georgia": 1714.6747107455826, "Azerbaijan": 1400.307485182017, "Kazakhstan": 1508.5981191744338, "Comoros": 1481.1589663090922, "Maldives": 1001.9959878723803, "Tonga": 1075.769307160564, "Kiribati": 1229.9371232129763, "Tuvalu": 1213.658107817735, "Samoa": 1248.953372927192, "Greenland": 1461.4426880673534, "Liechtenstein": 985.3672789298773, "Bhutan": 856.4325711608523, "South Yemen": 1468.632855523945, "Niue": 1426.941219464346, "American Samoa": 926.8119250113942, "Belize": 1284.9931982246205, "Cayman Islands": 1034.1416549858693, "Anguilla": 889.8947098055654, "British Virgin Islands": 1015.6429378488114, "Palau": 1422.8219891984977, "Sint Maarten": 1285.588466204317, "Namibia": 1408.7045470998992, "Ynys M\u00f4n": 1642.3728345233317, "Shetland": 1501.5826687719803, "\u00c5land Islands": 1474.1434903906147, "Saint Martin": 1293.5410344342838, "San Marino": 924.8474825970364, "Montserrat": 1222.4908053909887, "Slovenia": 1737.272316297754, "Isle of Wight": 1663.1079373689024, "Turkmenistan": 1388.3579798171547, "Tajikistan": 1436.5330323946316, "Uzbekistan": 1731.8978834148843, "Eritrea": 1195.2768784774828, "Isle of Man": 1705.6827680494666, "Gibraltar": 1148.315710512186,