{"Scotland": 1824.3041803845383, "England": 2092.042566573998, "Wales": 1749.684224734414, "Northern Ireland": 1663.968973103708, "United States": 1905.0995450504104, "Canada": 1863.3113090504153, "Uruguay": 1926.4722350353243, "Argentina": 2211.1705234760807, "Austria": 1905.7079723437766, "Hungary": 1773.48967013684, "Czechoslovakia": 1794.3060402543504, "Belgium": 1934.8664768069698, "France": 2147.780214398178, "Switzerland": 1981.0541211822742, "Guernsey": 1744.764608170754, "Alderney": 1079.4766475696354, "Jersey": 1803.4135393776182, "Netherlands": 2049.3486612550473, "Guyana": 1482.6379954046072, "Trinidad and Tobago": 1531.3366855519255, "South Africa": 1715.1116717403954, "Germany": 2002.573899460022, "Sweden": 1810.8068878920342, "Norway": 2016.025573842396, "Denmark": 1924.7269888032897, "Italy": 1927.9778437843433, "Chile": 1795.6288433440975, "Russia": 1843.3319796693743, "Finland": 1596.0345589767628, "Luxembourg": 1468.5421876355724, "Catalonia": 1672.6914828802376, "Philippines": 1346.5035100404432, "China": 1559.0750613190655, "Brazil": 2086.6119140841793, "Basque Country": 1808.0917393634095, "Japan": 1996.8384352911921, "Paraguay": 1893.8924973895107, "Romania": 1699.8066540812888, "Greece": 1803.5960612367978, "Yugoslavia": 1861.2181926122998, "Spain": 2190.5925868043537, "Egypt": 1852.4607591453296, "Estonia": 1431.9446167656758, "Suriname": 1588.541624493145, "Provence": 1464.8098612860924, "Costa Rica": 1741.5881972520688, "El Salvador": 1488.5795916891839, "Guatemala": 1645.087599838156, "Poland": 1775.0730453110116, "Portugal": 2047.623119243105, "Brittany": 1507.6373094127875, "New Zealand": 1699.9180523543012, "Australia": 1908.936217304567, "Latvia": 1341.8484797183673, "Galicia": 1533.588815657067, "Central Spain": 1494.7149754763902, "Mexico": 2021.1255293612417, "Andalusia": 1602.047228079867, "Asturias": 1519.1741326306253, "Lithuania": 1341.9637079852182, "Turkey": 1919.8980925739534, "Aruba": 1200.707227955354, "Cura\u00e7ao": 1596.141313064078, "Bulgaria": 1539.3242215882624, "Republic of Ireland": 1763.808913437603, "Haiti": 1654.2213361868367, "Jamaica": 1654.971835011783, "Kenya": 1467.8281622933227, "Uganda": 1510.9659917933745, "Bolivia": 1712.972694536844, "Peru": 1764.959052377232, "Honduras": 1706.3526318850454, "Belarus": 1578.5580138598584, "Ukraine": 1824.4849604685671, "Barbados": 1119.0064582160069, "Nicaragua": 1502.090350830759, "Cuba": 1403.9447876499842, "Martinique": 1470.5858208800187, "Dominica": 1154.5195452441235, "Silesia": 1514.1599056378952, "Guadeloupe": 1517.804439675833, "Israel": 1688.7602062225974, "Indonesia": 1516.6753630215323, "French Guiana": 1412.4044744087312, "Saint Lucia": 1213.8995220652437, "Colombia": 2082.801514811077, "Panama": 1779.2912107094342, "Venezuela": 1817.7586196046054, "Ecuador": 1985.7827159373894, "Saint Kitts and Nevis": 1264.2170393405731, "Grenada": 1286.8548758325328, "India": 1246.1686957807, "Slovakia": 1728.4736191781226, "Manchukuo": 1432.1828727788613, "Croatia": 1954.8095076579732, "Lebanon": 1435.6533049055383, "Puerto Rico": 1357.3683366693672, "Afghanistan": 1161.2538363400529, "Iran": 1886.4813697056734, "Mongolia": 983.1993559920281, "Tanzania": 1416.9883385753822, "Zimbabwe": 1466.8396847500755, "Zambia": 1546.5732599793405, "Iceland": 1624.7982295211557, "Albania": 1678.312112949481, "Montenegro": 1521.9575238681034, "Madagascar": 1504.3373849717727, "Mauritius": 1212.618107287602, "R\u00e9union": 1579.789097410782, "Zanzibar": 1533.297409234415, "Djibouti": 1069.6403234159002, "Ethiopia": 1386.9231585104546, "DR Congo": 1768.1497711953073, "South Korea": 1839.841732023456, "Vietnam": 1477.852061824873, "Macau": 837.4292542896364, "Dominican Republic": 1480.2155685427786, "Cyprus": 1382.1422721299914, "Sierra Leone": 1458.3933388563937, "Nigeria": 1876.5562162854449, "Syria": 1588.2468811175897, "Serbia": 1800.9928379729051, "Taiwan": 1063.2747351734124, "Ghana": 1694.4263463469194, "Myanmar": 1141.6582137794683, "New Caledonia": 1593.241126297916, "Vanuatu": 1439.3063727879423, "Fiji": 1414.5788877386833, "Pakistan": 1116.8721283736372, "Sri Lanka": 1021.4250761677874, "German DR": 1721.407003833281, "Tahiti": 1507.2309984666942, "Gambia": 1530.082559649511, "Hong Kong": 1321.8432384002538, "Singapore": 1307.0586590257537, "Malaysia": 1497.0925308862586, "Guinea-Bissau": 1359.8215507137547, "Saarland": 1451.8745692495322, "Burundi": 1380.1230657348651, "Cameroon": 1723.022242763633, "Kernow": 1601.2039906823777, "Cambodia": 1089.6472020958174, "Thailand": 1540.522099859097, "Vietnam Republic": 1355.016574820805, "Kyrgyzstan": 1461.354847474539, "Moldova": 1334.969526849091, "North Vietnam": 1485.9897227272047, "Togo": 1496.3916533683007, "North Korea": 1484.6658678044923, "Sudan": 1464.3003672401628, "Malta": 1364.8924073907453, "Tunisia": 1656.7434784582792, "Libya": 1528.31391936076, "Malawi": 1435.460779882819, "Morocco": 2028.142121655188, "Benin": 1527.6028899056146, "Cape Verde": 1694.5158386895043, "Ivory Coast": 1862.5131380974142, "Burkina Faso": 1642.3606495979182, "Gabon": 1521.7193888505305, "Congo": 1327.6787785469762, "Mali": 1701.0766349118503, "Central African Republic": 1349.582148801349, "Iraq": 1707.785167370273, "Saint Vincent and the Grenadines": 1349.387891605413, "Senegal": 1863.2445474571155, "Laos": 949.6098093022266, "Mauritania": 1445.5217091815227, "Liberia": 1435.0342325174208, "Chad": 1244.0765319610268, "Niger": 1489.6116640209161, "Guinea": 1567.094380320461, "Kuwait": 1483.3745701519401, "Jordan": 1722.2786001708737, "Algeria": 1883.9540954418198, "Papua New Guinea": 1453.9265139310628, "Solomon Islands": 1367.9342549834043, "Somalia": 1051.3448960772955, "Saudi Arabia": 1709.5316770236211, "Bermuda": 1339.9405909127852, "Palestine": 1578.3825093899363, "Yemen": 1299.3707774326529, "Bahrain": 1544.41287706026, "Oman": 1577.9145542099545, "Wallis Islands and Futuna": 1293.9483501043933, "Corsica": 1562.4407713346218, "Western Australia": 1394.2107988355585, "Eswatini": 1305.4397644029546, "Botswana": 1388.7361343582083, "Qatar": 1552.1416493206561, "Lesotho": 1407.7150110954492, "Bahamas": 940.0956103398854, "Brunei": 897.6166402770627, "Cook Islands": 1140.9593126357324, "Yemen DPR": 1351.0664515025799, "United Arab Emirates": 1671.7146186892826, "Faroe Islands": 1447.9075756906896, "Nepal": 1101.0048135644859, "Antigua and Barbuda": 1107.1711147475753, "Bangladesh": 1140.156936554772, "Seychelles": 1005.5981639342542, "Equatorial Guinea": 1438.3215364948603, "Mozambique": 1490.240130227927, "Guam": 975.1019714552765, "Angola": 1586.7010370823323, "S\u00e3o Tom\u00e9 and Pr\u00edncipe": 1170.5829130567222, "Rwanda": 1457.4822411583837, "Northern Cyprus": 1693.6466132798, "Armenia": 1435.5975259553834, "Georgia": 1714.6769164688224, "Azerbaijan": 1400.3099519149316, "Kazakhstan": 1508.6001259618604, "Comoros": 1481.159848930999, "Maldives": 1002.4831335276998, "Tonga": 1075.77050057743, "Tuvalu": 1213.6598926520978, "Kiribati": 1229.9393769299709, "Samoa": 1248.9548894270781, "Greenland": 1461.347301737811, "Liechtenstein": 985.3664025935377, "Bhutan": 856.4254465952598, "South Yemen": 1468.6192974109156, "Niue": 1426.93975916316, "American Samoa": 926.8100759554217, "Belize": 1284.9974804375945, "Cayman Islands": 1034.1462352144256, "Anguilla": 889.9005740644365, "British Virgin Islands": 1015.6485504305491, "Palau": 1422.8062643029327, "Sint Maarten": 1285.5941657414596, "Namibia": 1408.705415224904, "Shetland": 1501.5724745589916, "Ynys M\u00f4n": 1642.409235158279, "\u00c5land Islands": 1473.866818772115, "Saint Martin": 1293.5459735716674, "San Marino": 924.8496220167152, "Montserrat": 1222.4956202769627, "Slovenia": 1737.274745532203, "Isle of Wight": 1662.9978184328982, "Turkmenistan": 1388.351899435543, "Tajikistan": 1436.530558628634, "Uzbekistan": 1778.2001584877544, "Eritrea": 1195.2699269290422, "Isle of Man": 1705.7712089474035, "Gibraltar": 1148.3179767206932,